"","language","Lmin","L","Lrand","eta","psi","omega"
"L","German",2.91423992005845,10.2757759138189,10.2756747050452,0.283812053828484,-1.37485119013196e-05,-2.20627119011653e-06
"L1","English",2.36391767365301,7.79102913395062,7.79118497942624,0.303663607100209,2.87152754487969e-05,6.25086916647768e-06
"L2","Kinyarwanda",3.68860865443246,9.1915224581782,9.19146813667534,0.401389394621837,-9.87150463108041e-06,-1.77725522387609e-06
