"","language","Lmin","L","Lrand","eta","psi","omega"
"L","German",0.234885689668281,0.76183805226165,0.76194420797808,0.308500262583593,0.000201411632184844,4.10602749156139e-05
"L1","English",0.189557102178509,0.668711459478761,0.669088732264497,0.283719354461752,0.0007867526604405,1.78862647115404e-05
"L2","Kinyarwanda",0.267068152395994,0.721076115787969,0.720604235634902,0.370492103141862,-0.00104044677040351,-2.70199471735422e-05
