"","language","Lmin","L","Lrand","eta","psi","omega"
"L","German",3.02864256718146,8.26097226889956,8.26086039645719,0.367207769885721,-2.13814573512362e-05,-2.68985026950939e-06
"L1","English",2.7472868873124,7.15817440269372,7.15812350119904,0.384241107538657,-1.15400997890281e-05,-2.20479359480213e-07
"L2","Kinyarwanda",2.99081098331323,7.05479218773419,7.05464926590538,0.424629507908208,-3.51691723121418e-05,2.94053011467233e-06
