"","language","Lmin","L","Lrand","eta","psi","omega"
"L","German",0.234885689668281,0.761958719251975,0.76194420797808,0.308449339232664,-2.75325668622112e-05,-3.96151162649533e-06
"L1","English",0.189557102178509,0.669068649043966,0.669088732264497,0.283573886501711,4.18809089344585e-05,4.2352353211069e-06
"L2","Kinyarwanda",0.267068152395994,0.720609225091356,0.720604235634902,0.370733144386802,-1.1001233723473e-05,-6.52258612339492e-07
