"","language","Lmin","L","Lrand","eta","psi","omega"
"L","German",0.234885689668281,0.761910133422174,0.76194420797808,0.308468850052629,6.46504225271869e-05,-4.05887960240782e-06
"L1","English",0.189557102178509,0.669131238271146,0.669088732264497,0.283548302909186,-8.86406734866156e-05,3.96540801796088e-06
"L2","Kinyarwanda",0.267068152395994,0.720555896151412,0.720604235634902,0.370760938955931,0.000106583544896,-7.27954291655629e-06
