"","language","Lmin","L","Lrand","eta","psi","omega"
"L","German",0.234885689668281,0.751790927190754,0.76194420797808,0.312434855453746,0.0192640483639001,0.000329252107047624
"L1","English",0.189557102178509,0.655636609506331,0.669088732264497,0.289119154467652,0.0280526286780158,0.000983273403478133
"L2","Kinyarwanda",0.267068152395994,0.72209769423528,0.720604235634902,0.369850443406867,-0.00329292123729716,-0.00203843720160588
